Workbook

Sheet 评审表_现场
A1: 404烦恼未找到——系统设计与数据库设计评审表
A2: 分值 | C2: 10 | D2: 15 | E2: 15 | F2: 20 | G2: 20 | H2: 10 | I2: 10 | J2: =ROUND(SUM(C2:I2),2) -> 100
A3: 序号 | B3: 团队名称 | C3: PPT质量 | D3: 功能模块层次设计 | E3: 接口设计 | F3: 系统安全性和健壮性 | G3: ER图和表结构设计 | H3: 演讲 | I3: 存在问题和建议 | J3: 加权总分 | K3: 存在问题 | L3: 改进建议 | M3: 填表人 | N3: 日期
A4: 1 | J4: =IF(COUNT(C4:I4)=7,ROUND(SUMPRODUCT($C$2:$I$2,C4:I4)*20,1),"")
A5: 2 | J5: =IF(COUNT(C5:I5)=7,ROUND(SUMPRODUCT($C$2:$I$2,C5:I5)*20,1),"")
A6: 3 | J6: =IF(COUNT(C6:I6)=7,ROUND(SUMPRODUCT($C$2:$I$2,C6:I6)*20,1),"")
A7: 4 | J7: =IF(COUNT(C7:I7)=7,ROUND(SUMPRODUCT($C$2:$I$2,C7:I7)*20,1),"")
A8: 5 | J8: =IF(COUNT(C8:I8)=7,ROUND(SUMPRODUCT($C$2:$I$2,C8:I8)*20,1),"")
A9: 6 | J9: =IF(COUNT(C9:I9)=7,ROUND(SUMPRODUCT($C$2:$I$2,C9:I9)*20,1),"")
A10: 7 | J10: =IF(COUNT(C10:I10)=7,ROUND(SUMPRODUCT($C$2:$I$2,C10:I10)*20,1),"")
A11: 8 | J11: =IF(COUNT(C11:I11)=7,ROUND(SUMPRODUCT($C$2:$I$2,C11:I11)*20,1),"")
A12: 9 | J12: =IF(COUNT(C12:I12)=7,ROUND(SUMPRODUCT($C$2:$I$2,C12:I12)*20,1),"")
A13: 10 | J13: =IF(COUNT(C13:I13)=7,ROUND(SUMPRODUCT($C$2:$I$2,C13:I13)*20,1),"")
A14: 11 | J14: =IF(COUNT(C14:I14)=7,ROUND(SUMPRODUCT($C$2:$I$2,C14:I14)*20,1),"")
A15: 12 | J15: =IF(COUNT(C15:I15)=7,ROUND(SUMPRODUCT($C$2:$I$2,C15:I15)*20,1),"")
A16: 本组填写合计/平均 | C16: =COUNT(C$4:C$15) -> 0 | D16: =COUNT(D$4:D$15) -> 0 | E16: =COUNT(E$4:E$15) -> 0 | F16: =COUNT(F$4:F$15) -> 0 | G16: =COUNT(G$4:G$15) -> 0 | H16: =COUNT(H$4:H$15) -> 0 | I16: =COUNT(I$4:I$15) -> 0 | J16: =IF(COUNT(J4:J15)=0,"",ROUND(AVERAGE(J4:J15),1)) | K16: ="已填分数 "&COUNT(C4:I15)&" 个 / 已评组数 "&COUNT(J4:J15)&" 组 / 总分平均 "&IF(COUNT(J4:J15)=0,"未评",TEXT(AVERAGE(J4:J15),"0.0")&" 分") -> 已填分数 0 个 / 已评组数 0 组 / 总分平均 未评

Sheet 汇总与排名
A1: 评审汇总与排名
A2: 序号 | B2: 团队名称 | C2: 加权总分 | D2: 名次
A3: 1 | B3: =IF(评审表_现场!B4="","",评审表_现场!B4) | C3: =评审表_现场!J4 | D3: =IF(N(C3)=0,"",_xlfn.RANK.EQ(C3,$C$3:$C$14,0))
A4: 2 | B4: =IF(评审表_现场!B5="","",评审表_现场!B5) | C4: =评审表_现场!J5 | D4: =IF(N(C4)=0,"",_xlfn.RANK.EQ(C4,$C$3:$C$14,0))
A5: 3 | B5: =IF(评审表_现场!B6="","",评审表_现场!B6) | C5: =评审表_现场!J6 | D5: =IF(N(C5)=0,"",_xlfn.RANK.EQ(C5,$C$3:$C$14,0))
A6: 4 | B6: =IF(评审表_现场!B7="","",评审表_现场!B7) | C6: =评审表_现场!J7 | D6: =IF(N(C6)=0,"",_xlfn.RANK.EQ(C6,$C$3:$C$14,0))
A7: 5 | B7: =IF(评审表_现场!B8="","",评审表_现场!B8) | C7: =评审表_现场!J8 | D7: =IF(N(C7)=0,"",_xlfn.RANK.EQ(C7,$C$3:$C$14,0))
A8: 6 | B8: =IF(评审表_现场!B9="","",评审表_现场!B9) | C8: =评审表_现场!J9 | D8: =IF(N(C8)=0,"",_xlfn.RANK.EQ(C8,$C$3:$C$14,0))
A9: 7 | B9: =IF(评审表_现场!B10="","",评审表_现场!B10) | C9: =评审表_现场!J10 | D9: =IF(N(C9)=0,"",_xlfn.RANK.EQ(C9,$C$3:$C$14,0))
A10: 8 | B10: =IF(评审表_现场!B11="","",评审表_现场!B11) | C10: =评审表_现场!J11 | D10: =IF(N(C10)=0,"",_xlfn.RANK.EQ(C10,$C$3:$C$14,0))
A11: 9 | B11: =IF(评审表_现场!B12="","",评审表_现场!B12) | C11: =评审表_现场!J12 | D11: =IF(N(C11)=0,"",_xlfn.RANK.EQ(C11,$C$3:$C$14,0))
A12: 10 | B12: =IF(评审表_现场!B13="","",评审表_现场!B13) | C12: =评审表_现场!J13 | D12: =IF(N(C12)=0,"",_xlfn.RANK.EQ(C12,$C$3:$C$14,0))
A13: 11 | B13: =IF(评审表_现场!B14="","",评审表_现场!B14) | C13: =评审表_现场!J14 | D13: =IF(N(C13)=0,"",_xlfn.RANK.EQ(C13,$C$3:$C$14,0))
A14: 12 | B14: =IF(评审表_现场!B15="","",评审表_现场!B15) | C14: =评审表_现场!J15 | D14: =IF(N(C14)=0,"",_xlfn.RANK.EQ(C14,$C$3:$C$14,0))
